词	演示的说法	kaikki 祖先链	kaikki 正文
aquarium	拉丁 aqua + -arium	Proto-Indo-European *h₂ékʷeh₂ → Proto-Italic *akʷā → Latin aqua → Proto-Indo-European *-yós → Proto-Italic *-āzios → Latin -ārius → Latin aquārius → English aquarium	Borrowed from Latin aquārium, neuter of aquārius (“of or pertaining to water”), from aqua + -arium. Doublet of ewer; see also Aquarius. Also claimed to be coined by English naturalist Philip Henry Gosse, as a blend of aq
aquatic	aqua	Proto-Indo-European *h₂ékʷeh₂ → Proto-Italic *akʷā → Latin aqua → Proto-Indo-European *-h₂ → Proto-Indo-European *-éh₂ → Proto-Indo-European *-tós → Proto-Indo-European *-eh₂tos → Proto-Italic *-ātos	Borrowed from Middle French aquatique (“living in water”), from Latin aquaticus (“relating to water”), from aqua (“water”).
aqueduct	aqua + duct(ducere)	Proto-Indo-European *h₂ékʷeh₂ → Proto-Italic *akʷā → Latin aqua → Latin ductus → Latin aquaeductus → English aqueduct	Adapted borrowing from Latin aquaeductus (“conveyance of water”), from aqua (“water”) + dūcō (“to lead”, “to bring”); compare the French aqueduc.
hydrate	希腊 hydor	Proto-Indo-European *wed- → Proto-Indo-European *-r̥ → Proto-Indo-European *wódr̥ → Proto-Hellenic *údōr → Ancient Greek ῡ̆̔́δωρ → Ancient Greek ὑδρο- → French hydro- → Proto-Indo-European *-h₂	Ancient Greek ῡ̆̔́δωρ (hū̆́dōr) Ancient Greek ὑδρο- (hudro-)lbor. French hydr- Proto-Indo-European *-h₂ Proto-Indo-European *-éh₂ Proto-Indo-European *-tós Proto-Indo-European *-eh₂tos Proto-Italic *-ātos Latin -ātuslbor
hydrogen	hydro + gen(genos)	Proto-Indo-European *wed- → Proto-Indo-European *-r̥ → Proto-Indo-European *wódr̥ → Proto-Hellenic *údōr → Ancient Greek ῡ̆̔́δωρ → Ancient Greek ὑδρο- → French hydro- → Proto-Indo-European *ǵenh₁-	Ancient Greek ῡ̆̔́δωρ (hū̆́dōr) Ancient Greek ὑδρο- (hudro-)lbor. French hydro- Proto-Indo-European *ǵenh₁- Proto-Indo-European *-os Proto-Indo-European *ǵénh₁os Proto-Hellenic *génos Ancient Greek γένος (génos) Proto-In
dehydrate	de + hydr	Proto-Indo-European *de → Proto-Indo-European *-h₁ → Proto-Indo-European *déh₁ → Proto-Italic *dē → Latin dē → Latin dē- → English de- → Proto-Indo-European *wed-	Ancient Greek ῡ̆̔́δωρ (hū̆́dōr) Ancient Greek ὑδρο- (hudro-)lbor. French hydr- Proto-Indo-European *-h₂ Proto-Indo-European *-éh₂ Proto-Indo-European *-tós Proto-Indo-European *-eh₂tos Proto-Italic *-ātos Latin -ātuslbor
marine	拉丁 mare	Proto-Indo-European *mer- → Proto-Indo-European *móri → Proto-Italic *mari → Latin mare → Proto-Indo-European *-nós → Proto-Indo-European *-iHnos → Proto-Italic *-īnos → Latin -īnus	Recorded since c.1420 as Middle English marin, borrowed from Middle French marin, from Old French, from Latin marinus (“of the sea”), itself from mare (“sea”), from Proto-Indo-European *móri (“body of water, lake”) (cogn
maritime	拉丁 maritimus（演示称未经法语）	(无祖先链，见正文)	Borrowed from Middle French maritime, from Latin maritimus.
submarine	sub + marine	Proto-Indo-European *upó → Proto-Italic *supo → Latin sub → Latin sub- → English sub- → Proto-Indo-European *mer- → Proto-Indo-European *móri → Proto-Italic *mari	From sub- + marine.
aquamarine	aqua marina	Latin *h₂ékʷeh₂ → Proto-Indo-European *akʷā → Proto-Italic aqua → Latin *mer- → Proto-Indo-European *móri → Proto-Indo-European *mari → Proto-Italic mare → Latin *-nós	From Latin aqua marīna (“sea water”), adjective form from mare (“sea”).
manual	拉丁 manus	(无祖先链，见正文)	From Middle English manuel, from Anglo-Norman manuel, Old French manual, from Latin manuālis, from manus (“hand”).
manufacture	manu + fact(facere)	(无祖先链，见正文)	From Middle French manufacture, from Old French, from Medieval Latin manūfactūra (“a making by hand”), from manūfactus, a compound of manū factus, manū being ablative of manus (“hand”), and factus past participle of faci
manuscript	manu + script(scribere)	(无祖先链，见正文)	1597, from Medieval Latin manūscrīptus, a calque of Germanic origin, equivalent to Latin manū (ablative of manus (“hand”)) + Latin scrīptus (past participle of scribere (“to write”)). Not found in Classical Latin.
manicure	mani + cure(cura)	Proto-Indo-European *(s)meh₂- → Proto-Italic *manus → Latin manus → Proto-Indo-European *kʷey- → Proto-Indo-European *kʷeys- → Proto-Italic *kʷoizā → Latin cūra → French manucure	From French manucure, coming from Latin manus, hand, and cura, care.
manipulate	拉丁 manipulus(manus+ple)	(无祖先链，见正文)	Back-formation from manipulation.
emancipate	e- + mancipium(manus)	(无祖先链，见正文)	Learned borrowing from Latin ēmancipātus (“liberated, emancipated”) + English -ate (suffix forming verbs, and adjectives with the sense ‘characterized by the specified thing’). Ēmancipātus is the perfect passive particip
chiropractor	希腊 cheir + praktikos	(无祖先链，见正文)	From Ancient Greek χείρ (kheír, “hand”) + πρᾶξις (prâxis, “action, activity, practice”).
chirography	chiro + graphy	(无祖先链，见正文)	From chirograph + -y under influence from geography &c., from French chirographe, from Latin chirographus and chirographum, from Ancient Greek χειρόγραφος (kheirógraphos) and χειρόγραφον (kheirógraphon), from χειρο- (khe
surgeon	希腊 cheirourgos(cheir+ergon)	(无祖先链，见正文)	From Middle English surgien, borrowed from Anglo-Norman surgien, sirogen (Old French surgien et al.), from Vulgar Latin *chīrurgiānus, from Latin chīrūrgia (“surgery”), from chīrurgus (“surgeon”), borrowed from Ancient G
manage	意 maneggiare ← 拉丁 manus	Proto-Indo-European *(s)meh₂- → Proto-Italic *manus → Latin manus → Proto-Indo-European *-id- → Proto-Indo-European *-yéti → Proto-Indo-European *-idyéti → Proto-Hellenic *-íďďō → Ancient Greek -ῐ́ζω	Ancient Greek -ῐ́ζω (-ĭ́zō)bor. Latin -izāre Vulgar Latin *manizāre Old Italian maneggiareder.? Old French manegebor. Middle English *manage English manage From Early Modern English manage, menage, from Middle English *m
courage	古法 cuer + -age ← 拉丁 cor	(无祖先链，见正文)	From Middle English corage, from Old French corage (French courage), from Vulgar Latin *corāticum, from Latin cor (“heart”). Distantly related to cardiac (“of the heart”), which is from Greek, but from the same Proto-Ind
cordial	拉丁 cor	(无祖先链，见正文)	Inherited from Middle English cordial, from Old French cordial, from Medieval Latin cordiālis (“of the heart”), from cor (“heart”).
record	拉丁 cor (cord-)	(无祖先链，见正文)	From Middle English recorde, borrowed from Old French record, from recorder. See record.
accord	拉丁 cor (cord-)	(无祖先链，见正文)	From Middle English accord, from Old French acort, from acorder (see verb below).
discord	拉丁 discordia (dis+cor)	(无祖先链，见正文)	Circa 1230, Middle English descorde, discorde; from Anglo-Norman, Old French descort (derivative of descorder), descorde (“disagreement”); from Latin discordia, from discors (“disagreeing, disagreement”), from dis- (“apa
concord	拉丁 concordia (con+cor)	(无祖先链，见正文)	From French concorde, Latin concordia, from concors (“of the same mind, agreeing”); con- + cor, cordis (“heart”). See heart, and compare accord.
psychology	希腊 psyche + logia	(无祖先链，见正文)	From French psychologie, from Renaissance Latin psychologia, from Ancient Greek ψυχή (psukhḗ, “soul”) + -λογία (-logía, “study of”), equivalent to psycho- + -logy. The Latin term is believed by some to have been coined i
psychiatrist	psych + iatros	French psycho- → French -iatre → French psychiatre → Proto-Italic *-yós → Proto-Indo-European *-ios → Proto-Italic -ios → Old Latin -ius → Latin -ia	Ancient Greek -ῐ́ζω (-ĭ́zō) Proto-Hellenic *-tās Ancient Greek -τής (-tḗs) Ancient Greek -ῐστής (-ĭstḗs)bor. Latin -istader. Old French -istebor. Middle English -ist English -ist English psychiatrist From psychiatry + -i
sympathy	希腊 sympatheia(sym+pathos)	(无祖先链，见正文)	Borrowed from Middle French sympathie, from Late Latin sympathīa (“feeling in common”), from Ancient Greek σῠμπᾰ́θειᾰ (sŭmpắtheiă, “fellow feeling”), from σῠμπᾰθής (sŭmpăthḗs, “affected by like feelings; exerting mutual 
empathy	希腊 empatheia(en+pathos)	(无祖先链，见正文)	A twentieth-century borrowing from Ancient Greek ἐμπάθεια (empátheia, literally “passion”) (formed from ἐν (en, “in, at”) + πάθος (páthos, “feeling”)), equivalent to em- + -pathy, coined by Edward Bradford Titchener in 1
